Naam;Totale bevolking;Mannen;Vrouwen;Jonger dan 5 jaar;5 tot 10 jaar;10 tot 15 jaar;15 tot 20 jaar;20 tot 25 jaar;25 tot 45 jaar;45 tot 65 jaar;65 tot 80 jaar;80 jaar of ouder;Totale oppervlakte km2;Land oppervlakte km2
Aa en Hunze;25386;12659;12727;922;1174;1366;1579;1031;4347;8354;5107;1506;278,87;276,09
Aalburg;;;;;;;;;;;;;;
Aalsmeer;31728;15694;16034;1506;1970;2246;2046;1633;7073;9424;4371;1459;32,29;20,12
Aalten;27011;13559;13452;1197;1415;1682;1685;1345;5415;8308;4501;1463;97,05;96,54
Ter Aar;;;;;;;;;;;;;;
Aarle-Rixtel;;;;;;;;;;;;;;
Abcoude;;;;;;;;;;;;;;
Achtkarspelen;27852;14167;13685;1423;1636;1877;1892;1468;6190;7908;4252;1206;103,98;102,23
Akersloot;;;;;;;;;;;;;;
Alblasserdam;20069;9853;10216;1273;1318;1293;1305;1170;4535;5215;2906;1054;10,06;8,78
Albrandswaard;25271;12518;12753;1283;1571;1714;1611;1177;5718;7861;3346;990;23,76;21,69
Alkemade;;;;;;;;;;;;;;
Alkmaar;108558;53695;54863;5479;5770;5691;6077;5761;27921;30944;16232;4683;117,35;110,46
Almelo;72849;36421;36428;3475;3861;4411;4737;4194;17347;20653;10800;3371;69,41;67,27
Almere;207904;103082;104822;12548;13114;13405;14131;12858;57771;60643;19196;4238;248,77;129,19
Alphen aan den Rijn;110986;55283;55703;5671;6280;6511;7055;6050;27163;31424;16220;4612;132,5;126,23
Alphen en Riel;;;;;;;;;;;;;;
Alphen-Chaam;10149;5194;4955;472;526;511;622;536;1990;3206;1763;523;93,52;93,04
Altena;55386;27876;27510;3040;3279;3514;3659;3115;12372;15658;8329;2420;226,64;200,63
Ambt Delden;;;;;;;;;;;;;;
Ambt Montfort;;;;;;;;;;;;;;
Ameland;3673;1819;1854;168;198;219;164;217;848;1031;664;164;268,5;59,11
Amerongen;;;;;;;;;;;;;;
Amersfoort;156286;77037;79249;8993;9786;10140;10235;8505;41680;43969;17432;5546;63,86;62,62
Ammerzoden;;;;;;;;;;;;;;
Amstelveen;90838;43650;47188;5132;5763;5017;4873;5782;23629;23241;12061;5340;44,08;41,13
Amsterdam;862965;427787;435178;46291;40973;38338;40853;67634;311068;209828;84765;23215;219,49;165,5
Andijk;;;;;;;;;;;;;;
Angerlo;;;;;;;;;;;;;;
Anloo;;;;;;;;;;;;;;
Anna Paulowna;;;;;;;;;;;;;;
Apeldoorn;162445;80880;81565;7879;8537;9141;10117;8633;37490;46952;25531;8165;341,15;339,89
Appingedam;11721;5720;6001;488;566;664;703;535;2376;3491;2157;741;24,58;23,78
Arcen en Velden;;;;;;;;;;;;;;
Arnemuiden;;;;;;;;;;;;;;
Arnhem;159265;79573;79692;8169;8606;8423;9180;11995;46693;42079;18428;5692;101,54;97,82
Assen;67963;33643;34320;3195;3724;4217;4515;3428;15645;19763;10175;3301;83,45;81,89
Asten;16710;8592;8118;757;801;962;1064;930;3562;4948;2857;829;71,34;70,17
Avereest;;;;;;;;;;;;;;
Axel;;;;;;;;;;;;;;
Baarle-Nassau;6847;3477;3370;292;313;323;343;282;1434;2033;1388;439;76,29;76,14
Baarn;24767;11985;12782;1189;1355;1389;1428;1040;5204;7387;4208;1567;33,01;32,54
Bakel en Milheeze;;;;;;;;;;;;;;
Barendrecht;48673;23999;24674;2496;3062;3381;3633;2585;10441;14727;6373;1975;21,73;19,75
Barneveld;57971;28917;29054;4214;4203;4011;4266;3710;13728;14352;7035;2452;176,66;175,9
Bathmen;;;;;;;;;;;;;;
Bedum;;;;;;;;;;;;;;
Beek (L.);15929;7774;8155;601;633;679;888;755;3281;5017;3032;1043;21,03;21,03
Beek en Donk;;;;;;;;;;;;;;
Beekdaelen;35727;17785;17942;1379;1553;1669;1910;1660;7048;11278;7005;2225;78,49;78,3
Beemster;9748;4849;4899;542;570;518;589;509;2132;2930;1502;456;72,07;70,58
Beesel;13519;6807;6712;564;637;725;815;707;2780;4175;2383;733;29,15;27,99
Beilen;;;;;;;;;;;;;;
Belfeld;;;;;;;;;;;;;;
Bellingwedde;;;;;;;;;;;;;;
Bemmel;;;;;;;;;;;;;;
Bennebroek;;;;;;;;;;;;;;
Berg en Dal;34798;17324;17474;1390;1527;1751;2129;1745;6785;11000;6321;2150;93,28;86,31
Bergambacht;;;;;;;;;;;;;;
Bergeijk;18491;9440;9051;804;853;1049;1157;1083;3845;5637;3114;949;101,75;101
Bergen (L.);13140;6575;6565;520;547;686;782;680;2515;4345;2374;691;108,5;103,24
Bergen (NH.);29974;14467;15507;858;1195;1558;1897;1324;4219;9349;7162;2412;120,23;98,96
Bergen op Zoom;66811;33152;33659;3174;3334;3478;3945;3508;15131;19999;10979;3263;93,13;79,96
Bergeyk;;;;;;;;;;;;;;
Bergh;;;;;;;;;;;;;;
Bergschenhoek;;;;;;;;;;;;;;
Berkel en Rodenrijs;;;;;;;;;;;;;;
Berkel-Enschot;;;;;;;;;;;;;;
Berkelland;43904;21991;21913;1701;2069;2616;2835;2147;8207;13523;8280;2526;260,21;258,06
Berlicum;;;;;;;;;;;;;;
Bernheze;30806;15529;15277;1441;1599;1860;2154;1748;6613;9058;4767;1566;90,41;89,73
Bernisse;;;;;;;;;;;;;;
Best;29821;14927;14894;1400;1529;1744;2098;1660;6484;9267;4241;1398;35,1;34,3
Beuningen;25882;12924;12958;1286;1241;1380;1680;1296;5574;8471;3909;1045;47,09;43,65
Beverwijk;41176;20582;20594;2179;2180;2220;2340;2286;10812;11703;5513;1943;20,09;18,4
het Bildt;;;;;;;;;;;;;;
De Bilt;42824;20558;22266;2100;2409;2706;2759;1844;8260;12552;7032;3162;67,13;66,12
Binnenmaas;;;;;;;;;;;;;;
Bladel;20175;10227;9948;929;1034;1127;1286;1075;4429;5970;3287;1038;75,62;75,33
Bladel en Netersel;;;;;;;;;;;;;;
Blaricum;11202;5455;5747;718;649;639;675;373;2271;3056;2288;533;15,56;11,11
Bleiswijk;;;;;;;;;;;;;;
Bloemendaal;23410;11321;12089;988;1530;1652;1654;860;3541;7016;4346;1823;45,23;39,79
Boarnsterhim;;;;;;;;;;;;;;
Bodegraven;;;;;;;;;;;;;;
Bodegraven-Reeuwijk;34462;17228;17234;1981;1993;2129;2295;1900;7667;9652;5278;1567;88,64;75,38
Boekel;10588;5402;5186;516;529;693;749;633;2388;3099;1534;447;34,52;34,51
Ten Boer;;;;;;;;;;;;;;
Bolsward;;;;;;;;;;;;;;
Borculo;;;;;;;;;;;;;;
Borger;;;;;;;;;;;;;;
Borger-Odoorn;25372;12703;12669;1015;1201;1332;1495;1192;4658;8297;4834;1348;277,89;274,53
Born;;;;;;;;;;;;;;
Borne;23210;11561;11649;1293;1370;1402;1420;1064;5237;6436;3822;1166;26,16;26
Borsele;22800;11557;11243;1196;1307;1389;1475;1197;4899;6749;3465;1123;194,52;141,57
Boskoop;;;;;;;;;;;;;;
Boxmeer;29065;14573;14492;1178;1259;1680;1824;1688;5751;9133;4956;1596;113,84;111,44
Boxtel;30747;15294;15453;1360;1506;1931;1970;1613;6881;8820;5168;1498;64,85;63,73
Brakel;;;;;;;;;;;;;;
Breda;183873;90536;93337;8985;9617;10074;11155;14253;47953;48269;24950;8617;128,68;125,74
Brederwiede;;;;;;;;;;;;;;
Breukelen;;;;;;;;;;;;;;
Brielle;17182;8437;8745;744;798;838;1038;856;3775;5295;2948;890;31,14;27,55
Broekhuizen;;;;;;;;;;;;;;
Bronckhorst;36212;18054;18158;1261;1608;2072;2460;1724;5971;11933;7015;2168;286,42;283,5
Brouwershaven;;;;;;;;;;;;;;
Bruinisse;;;;;;;;;;;;;;
Brummen;20698;10248;10450;808;918;1081;1262;1053;3893;6490;3899;1294;85,01;83,65
Brunssum;28103;13806;14297;1090;1233;1275;1468;1321;5961;8945;5045;1765;17,34;17,25
Budel;;;;;;;;;;;;;;
Bunnik;15192;7518;7674;835;952;955;963;640;3010;4473;2438;926;37,57;36,97
Bunschoten;21576;10764;10812;1347;1437;1403;1460;1352;5647;5409;2797;724;34,81;30,38
Buren;26568;13314;13254;1197;1475;1509;1735;1326;5467;8565;4289;1005;142,92;133,89
Bussum;;;;;;;;;;;;;;
Capelle aan den IJssel;66818;32271;34547;3580;3729;3564;3881;3613;16088;18971;10252;3140;15,4;14,14
Castricum;35772;17634;18138;1577;1701;1934;2324;1894;6831;10719;6480;2312;60,4;49,68
Chaam;;;;;;;;;;;;;;
Coevorden;35483;17703;17780;1520;1746;1980;2269;1650;6931;10946;6355;2086;299,69;296,07
Cothen;;;;;;;;;;;;;;
Cranendonck;20440;10281;10159;881;1031;1024;1150;1064;4216;6212;3800;1062;78,05;76,4
Cromstrijen;;;;;;;;;;;;;;
Cuijk;24931;12413;12518;1162;1255;1334;1556;1394;5423;7532;4102;1173;57,07;51,16
Culemborg;28555;14147;14408;1436;1642;1729;1926;1518;6502;8656;3992;1154;31,14;29,29
Dalen;;;;;;;;;;;;;;
Dalfsen;28499;14395;14104;1495;1579;1811;2010;1498;5786;8433;4421;1466;166,52;165,07
Dantumadeel;;;;;;;;;;;;;;
Dantumadiel;18923;9515;9408;970;1067;1101;1228;1048;3949;5433;3145;982;87,53;84,66
Delft;103163;54831;48332;4408;4245;4019;5959;14663;29836;23825;12322;3886;24,06;22,65
Delfzijl;24716;12408;12308;1073;1125;1300;1374;1251;4856;7552;4599;1586;227,5;133,07
Denekamp;;;;;;;;;;;;;;
Deurne;32362;16302;16060;1584;1626;1753;2007;1870;6951;9740;5179;1652;118,36;116,93
Deventer;99957;49430;50527;4980;5502;5882;6252;6028;25323;28109;13278;4603;134,33;130,68
Didam;;;;;;;;;;;;;;
Diemen;29196;14263;14933;1606;1454;1343;1668;3001;8240;7299;3431;1154;14,04;11,99
Diepenheim;;;;;;;;;;;;;;
Diepenveen;;;;;;;;;;;;;;
Diessen;;;;;;;;;;;;;;
Diever;;;;;;;;;;;;;;
Dinkelland;26350;13432;12918;1140;1242;1626;1959;1593;5217;7863;4124;1586;176,83;175,71
Dinteloord en Prinsenland;;;;;;;;;;;;;;
Dinxperlo;;;;;;;;;;;;;;
Dirksland;;;;;;;;;;;;;;
Dodewaard;;;;;;;;;;;;;;
Doesburg;11148;5458;5690;386;476;580;683;573;2052;3598;2253;547;12,96;11,53
Doetinchem;57555;28558;28997;2794;2866;3267;3680;3002;12931;17083;9035;2897;79,66;79,05
Domburg;;;;;;;;;;;;;;
Dongen;26051;13029;13022;1259;1306;1403;1607;1382;5876;7752;4187;1279;29,74;29,24
Dongeradeel;;;;;;;;;;;;;;
Doorn;;;;;;;;;;;;;;
Dordrecht;118654;58671;59983;5992;6411;6265;7070;6900;29881;33653;16847;5635;99,47;78,54
Drechterland;19597;9919;9678;979;1023;1176;1335;1038;4211;5677;3350;808;80,59;58,89
Driebergen-Rijsenburg;;;;;;;;;;;;;;
Drimmelen;27150;13590;13560;1155;1317;1378;1621;1410;5724;8519;4752;1274;119,43;95,18
Dronten;40815;20469;20346;2004;2341;2503;3000;2536;9345;11820;5509;1757;423,89;333,57
Drunen;;;;;;;;;;;;;;
Druten;18797;9373;9424;840;985;1112;1267;969;4110;5943;2792;779;42,46;37,64
Duiveland;;;;;;;;;;;;;;
Duiven;25332;12516;12816;1066;1268;1458;1870;1372;5070;8576;3572;1080;35,19;33,9
Den Dungen;;;;;;;;;;;;;;
Dussen;;;;;;;;;;;;;;
Dwingeloo;;;;;;;;;;;;;;
Echt;;;;;;;;;;;;;;
Echteld;;;;;;;;;;;;;;
Echt-Susteren;31638;15868;15770;1181;1314;1407;1625;1435;6376;10329;6103;1868;104,62;103,07
Edam-Volendam;36099;18039;18060;1657;1867;2269;2476;2101;7834;10396;6088;1411;80;54,33
Ede;115710;57175;58535;6757;6822;7199;8084;7563;27651;30597;15631;5406;318,62;318,18
Eelde;;;;;;;;;;;;;;
Eemnes;9113;4501;4612;440;470;567;685;423;1767;2912;1471;378;33,7;31,04
Eemsmond;;;;;;;;;;;;;;
Eersel;19110;9674;9436;898;938;1013;1099;1043;4038;5847;3138;1096;83,33;82,46
Egmond;;;;;;;;;;;;;;
Eibergen;;;;;;;;;;;;;;
Eijsden;;;;;;;;;;;;;;
Eijsden-Margraten;25658;12843;12815;1218;1126;1164;1558;1216;5158;7871;4803;1544;78,77;77,55
Eindhoven;231642;119157;112485;10914;11120;10969;12812;19362;71194;56630;27763;10878;88,92;87,66
Elburg;23086;11516;11570;1327;1476;1488;1604;1237;5225;6224;3470;1035;65,91;63,82
Elst;;;;;;;;;;;;;;
Emmen;107113;53289;53824;4555;5346;5834;6651;5555;22917;32107;18388;5760;346,26;335,18
Enkhuizen;18507;9285;9222;880;980;1072;1034;938;4376;5237;3131;859;116,25;12,68
Enschede;158986;81148;77838;7395;8069;8354;10228;14636;41286;40962;21329;6727;142,72;140,83
Epe;33145;16489;16656;1515;1632;1744;2074;1666;6508;9761;6135;2110;157,37;156,07
Ermelo;26858;13337;13521;1262;1339;1531;1785;1489;5533;7698;4618;1603;87,33;85,63
Esch;;;;;;;;;;;;;;
Etten-Leur;43774;21577;22197;2238;2452;2630;2589;2157;10406;12458;6890;1954;55,92;55,3
Ferwerderadeel;;;;;;;;;;;;;;
Ferwerderadiel;;;;;;;;;;;;;;
Fijnaart en Heijningen;;;;;;;;;;;;;;
Franekeradeel;;;;;;;;;;;;;;
De Friese Meren;;;;;;;;;;;;;;
De Fryske Marren;51430;25860;25570;2262;2854;3131;3373;2454;10444;15190;9010;2712;549,1;351,29
Gaasterlân-Sleat;;;;;;;;;;;;;;
Gasselte;;;;;;;;;;;;;;
Geertruidenberg;21515;10675;10840;1019;1202;1220;1249;1016;4969;6355;3530;955;29,64;26,63
Geldermalsen;;;;;;;;;;;;;;
Geldrop;;;;;;;;;;;;;;
Geldrop-Mierlo;39595;19642;19953;1943;2069;2144;2420;1947;8974;11493;6472;2133;31,39;31,01
Geleen;;;;;;;;;;;;;;
Gemert;;;;;;;;;;;;;;
Gemert-Bakel;30447;15416;15031;1564;1720;1657;1782;1675;7190;9008;4522;1329;123,34;122,14
Gendringen;;;;;;;;;;;;;;
Gendt;;;;;;;;;;;;;;
Genemuiden;;;;;;;;;;;;;;
Gennep;17071;8708;8363;725;887;945;1007;793;3433;5364;3016;901;50,42;47,62
Giessenlanden;;;;;;;;;;;;;;
Gieten;;;;;;;;;;;;;;
Gilze en Rijen;26431;13192;13239;1296;1429;1469;1617;1421;5943;7805;4274;1177;65,66;65,38
Goedereede;;;;;;;;;;;;;;
Goeree-Overflakkee;49611;24506;25105;2435;2598;2931;3100;2575;10734;14549;7999;2690;422,35;260,48
Goes;37653;18448;19205;1644;1823;1966;2304;1906;8270;10894;6390;2456;101,92;92,58
Goirle;23793;11831;11962;1172;1443;1411;1367;1013;5108;6882;4252;1145;43,38;42,99
Gooise Meren;57715;27870;29845;3104;3736;4012;3807;2223;11852;16715;8554;3712;75,22;41,59
Goor;;;;;;;;;;;;;;
Gorinchem;36682;18170;18512;1946;1946;2107;2279;2105;9177;10450;5000;1672;21,93;18,83
Gorssel;;;;;;;;;;;;;;
Gouda;73181;35902;37279;3895;4007;4288;4490;4245;18280;20170;10378;3428;18,11;16,5
Graafstroom;;;;;;;;;;;;;;
Graft-De Rijp;;;;;;;;;;;;;;
Gramsbergen;;;;;;;;;;;;;;
Grave;12483;6339;6144;516;653;684;767;669;2635;3789;2173;597;28,03;27,18
's-Graveland;;;;;;;;;;;;;;
's-Gravendeel;;;;;;;;;;;;;;
's-Gravenhage (gemeente);537833;266778;271055;31560;31247;29725;30613;35486;162025;139157;59090;18930;98,13;82,45
's-Gravenmoer;;;;;;;;;;;;;;
's-Gravenzande;;;;;;;;;;;;;;
Groenlo;;;;;;;;;;;;;;
Groesbeek;;;;;;;;;;;;;;
Groningen (gemeente);231299;114937;116362;9862;9590;9370;14711;35631;67886;50900;25083;8266;197,96;185,6
Grootegast;;;;;;;;;;;;;;
Grubbenvorst;;;;;;;;;;;;;;
Gulpen;;;;;;;;;;;;;;
Gulpen-Wittem;14246;7218;7028;492;521;566;704;626;2656;4731;3002;948;73,36;73,18
Haaksbergen;24277;12149;12128;1048;1201;1445;1616;1170;4694;7343;4388;1372;105,5;104,82
Haaren;14195;7201;6994;562;631;778;939;777;2727;4562;2563;656;58,56;57,7
Haarlem;161265;79000;82265;9303;9412;8523;8251;8269;47121;42915;20553;6918;32,09;29,17
Haarlemmerliede en Spaarnwoude;;;;;;;;;;;;;;
Haarlemmermeer;154235;76757;77478;7396;8928;10341;10577;8617;36064;46570;20274;5468;206,31;197,48
Haelen;;;;;;;;;;;;;;
Halderberge;30194;15060;15134;1414;1406;1537;1718;1534;6394;9202;5399;1590;75,21;74,47
Halsteren;;;;;;;;;;;;;;
Den Ham;;;;;;;;;;;;;;
Hardenberg;60574;30725;29849;3289;3587;3813;4271;3503;13715;17267;8436;2693;317,15;312,28
Harderwijk;47581;23510;24071;2590;2957;2976;3079;2508;11823;13003;6627;2018;48,27;38,89
Hardinxveld-Giessendam;18051;9014;9037;1142;1119;1232;1221;1093;4314;4575;2440;915;19,35;16,91
Haren;;;;;;;;;;;;;;
Harenkarspel;;;;;;;;;;;;;;
Harlingen;15758;7924;7834;679;771;970;1011;744;3079;4625;3049;830;387,67;24,96
Harmelen;;;;;;;;;;;;;;
Hasselt;;;;;;;;;;;;;;
Hattem;12173;6052;6121;643;697;787;814;568;2520;3443;1986;715;24,16;23,08
Havelte;;;;;;;;;;;;;;
Hedel;;;;;;;;;;;;;;
Heel;;;;;;;;;;;;;;
Heemskerk;39164;19169;19995;1753;2006;2102;2365;2157;8548;11642;6206;2385;31,68;27,34
Heemstede;27286;12900;14386;1425;1712;1689;1622;940;4875;7751;5050;2222;9,64;9,18
Heerde;18546;9149;9397;888;1027;1079;1162;861;3672;5522;3281;1054;80,42;78,74
Heerenveen;50257;24984;25273;2412;2682;2997;3272;2485;10952;14659;8052;2746;198,17;190,09
Heerewaarden;;;;;;;;;;;;;;
Heerhugowaard;56742;28677;28065;3204;3520;3627;3812;3015;14452;15180;8105;1827;39,99;38,21
Heerjansdam;;;;;;;;;;;;;;
Heerlen;86832;43082;43750;3511;3788;3782;4468;4607;20584;26309;14622;5161;45,53;44,94
Heesch;;;;;;;;;;;;;;
Heeze;;;;;;;;;;;;;;
Heeze-Leende;15964;8059;7905;717;734;814;983;785;3146;4965;2850;970;105,04;104,02
Heiloo;23464;11585;11879;966;1186;1386;1519;1040;4099;7049;4447;1772;19,01;18,7
Heino;;;;;;;;;;;;;;
Helden;;;;;;;;;;;;;;
Den Helder;55604;27481;28123;2563;2619;2862;3023;2947;12485;16590;9634;2881;178,8;45,25
Hellendoorn;35808;17885;17923;1690;1921;2286;2318;1822;7759;10236;5964;1812;138,99;137,91
Hellevoetsluis;40049;19819;20230;1756;2113;2308;2263;1995;9170;12058;6831;1555;61,2;41,1
Helmond;91524;46222;45302;4559;5158;5570;5974;5026;22835;26701;12310;3391;54,75;53,18
Helvoirt;;;;;;;;;;;;;;
Hendrik-Ido-Ambacht;30966;15213;15753;2082;2230;2099;1931;1571;7828;8073;3832;1320;11,9;10,61
Hengelo (Gld.);;;;;;;;;;;;;;
Hengelo (O.);80683;40469;40214;3575;4087;4728;5218;4609;19358;22994;11933;4181;61,83;60,84
's-Hertogenbosch;154205;76201;78004;7750;8162;8030;8624;9499;41153;43495;21227;6265;117,81;109,99
Heteren;;;;;;;;;;;;;;
Heumen;16486;8179;8307;704;803;907;1149;798;2945;5264;2970;946;41,54;39,76
Heusden;44135;22139;21996;2083;2310;2489;2682;2454;9786;13335;6967;2029;81,22;78,88
Heythuysen;;;;;;;;;;;;;;
Hillegom;21966;10892;11074;1097;1167;1205;1270;1051;5212;6438;3373;1153;13,47;12,87
Hilvarenbeek;15334;7705;7629;665;739;905;991;773;3042;4810;2630;779;96,51;94,85
Hilversum;90238;44280;45958;4888;5100;5303;5211;4567;23577;24470;12358;4764;46,35;45,61
Hoeksche Waard;86656;42894;43762;4134;4562;4971;5352;4287;18266;25916;14837;4331;323,69;268,93
Hoevelaken;;;;;;;;;;;;;;
Hoeven;;;;;;;;;;;;;;
Hof van Twente;34940;17390;17550;1404;1692;2074;2268;1784;6641;10380;6414;2283;215,41;212,56
Het Hogeland;47888;24066;23822;2192;2455;2790;3197;2213;9514;14516;8645;2366;907,58;482,75
Hollands Kroon;47815;24257;23558;2257;2457;2824;3228;2533;10265;14448;7688;2115;662,2;357,34
Holten;;;;;;;;;;;;;;
Hontenisse;;;;;;;;;;;;;;
Hooge en Lage Mierde;;;;;;;;;;;;;;
Hooge en Lage Zwaluwe;;;;;;;;;;;;;;
Hoogeloon, Hapert en Casteren;;;;;;;;;;;;;;
Hoogeveen;55662;27871;27791;2813;3209;3354;3510;2955;12927;15105;8748;3041;129,25;127,54
Hoogezand-Sappemeer;;;;;;;;;;;;;;
Hoorn;73004;36019;36985;3923;4064;4129;4590;4004;18097;20314;11133;2750;53,46;20,38
Horst;;;;;;;;;;;;;;
Horst aan de Maas;42291;21341;20950;1812;2030;2275;2733;2300;9063;13112;6705;2261;191,92;188,73
Houten;49911;24570;25341;2793;3211;3766;3490;2414;11419;15676;5622;1520;58,99;54,94
Huijbergen;;;;;;;;;;;;;;
Huissen;;;;;;;;;;;;;;
Huizen;41273;19949;21324;1940;2140;2382;2558;1995;8217;12619;7270;2152;23,32;15,81
Hulst;27524;13792;13732;1116;1147;1395;1443;1179;5572;8874;5103;1695;251,82;201,71
Hummelo en Keppel;;;;;;;;;;;;;;
Hunsel;;;;;;;;;;;;;;
IJsselham;;;;;;;;;;;;;;
IJsselmuiden;;;;;;;;;;;;;;
IJsselstein;34160;16596;17564;1661;1933;2320;2528;1771;7619;10412;4526;1390;21,68;21,07
Jacobswoude;;;;;;;;;;;;;;
Kaag en Braassem;26866;13614;13252;1235;1459;1492;1696;1387;5817;8266;4298;1216;72,24;63,24
Kampen;53779;26890;26889;3338;3573;3597;3787;3150;13588;13712;6808;2226;161,79;142,18
Kapelle;12785;6391;6394;658;788;857;862;623;2765;3610;1981;641;49,63;37,13
Katwijk;65302;32425;32877;3871;4131;4212;4233;3851;16180;17337;8872;2615;31,15;24,75
Kerkrade;45642;22854;22788;1747;1949;1907;2018;2059;9861;14546;8722;2833;22,15;21,91
Kerkwijk;;;;;;;;;;;;;;
Kessel;;;;;;;;;;;;;;
Kesteren;;;;;;;;;;;;;;
Klundert;;;;;;;;;;;;;;
Koggenland;22738;11478;11260;1149;1226;1378;1634;1254;4788;6753;3577;979;84,08;80,32
Kollumerland en Nieuwkruisland;;;;;;;;;;;;;;
Korendijk;;;;;;;;;;;;;;
Krimpen aan den IJssel;29376;14179;15197;1568;1662;1832;1959;1577;5958;7783;5056;1981;8,95;7,69
Krimpenerwaard;56048;27788;28260;2984;3105;3247;3772;3314;12169;15776;8889;2792;161,31;148,4
Laarbeek;22333;11298;11035;981;1138;1289;1416;1150;4778;6706;3777;1098;56,17;55,35
Landerd;15529;7929;7600;694;840;899;1004;909;3166;4691;2593;733;70,71;70,35
Landgraaf;37591;18538;19053;1449;1631;1684;1936;1688;7825;12088;7132;2158;24,67;24,58
Landsmeer;11488;5518;5970;624;705;632;686;555;2395;3480;1833;578;26,5;22,53
Langbroek;;;;;;;;;;;;;;
Langedijk;27992;13917;14075;1430;1506;1727;1913;1500;6083;8143;4565;1125;27,03;23,88
Lansingerland;61601;30499;31102;4066;4647;4515;4203;2873;14690;17323;7096;2188;56,37;53,41
Laren (NH.);11195;5292;5903;476;567;682;710;335;1674;3252;2339;1160;12,41;12,41
Leek;;;;;;;;;;;;;;
Leende;;;;;;;;;;;;;;
Leerdam;;;;;;;;;;;;;;
Leersum;;;;;;;;;;;;;;
Leeuwarden;123107;61127;61980;6033;6298;6325;7698;10428;31596;32115;17068;5546;255,62;238,38
Leeuwarderadeel;;;;;;;;;;;;;;
Leiden;124899;60495;64404;5495;5529;5402;7022;15508;36862;30207;14544;4330;23,27;21,91
Leiderdorp;27109;13120;13989;1319;1486;1528;1693;1366;5620;8004;4536;1557;12,28;11,58
Leidschendam;;;;;;;;;;;;;;
Leidschendam-Voorburg;75425;36326;39099;3969;4192;4027;3892;3272;18104;20712;12484;4773;35,62;32,55
Lelystad;77893;39048;38845;4334;4776;5034;4954;4209;19756;21290;11436;2104;765,45;230,32
Lemsterland;;;;;;;;;;;;;;
Leudal;35681;18042;17639;1326;1503;1762;2295;1796;6969;11415;6446;2169;164,91;162,73
Leusden;30030;14723;15307;1486;1682;1833;1963;1345;6164;9109;4959;1489;58,89;58,54
Lichtenvoorde;;;;;;;;;;;;;;
Liemeer;;;;;;;;;;;;;;
Liempde;;;;;;;;;;;;;;
Lienden;;;;;;;;;;;;;;
De Lier;;;;;;;;;;;;;;
Lieshout;;;;;;;;;;;;;;
Liesveld;;;;;;;;;;;;;;
Limmen;;;;;;;;;;;;;;
Lingewaal;;;;;;;;;;;;;;
Lingewaard;46475;23041;23434;2070;2603;2873;3149;2160;9728;14140;7702;2050;69,14;62
Lisse;22800;11215;11585;1107;1196;1259;1395;1100;5033;6602;3799;1309;16,05;15,69
Lith;;;;;;;;;;;;;;
Littenseradiel;;;;;;;;;;;;;;
Lochem;33590;16568;17022;1259;1525;1942;2146;1305;5617;10499;6805;2492;215,94;213,03
Loenen;;;;;;;;;;;;;;
Loon op Zand;23327;11596;11731;1090;1117;1224;1440;1145;5079;7062;3920;1250;50,71;49,94
Loosdrecht;;;;;;;;;;;;;;
Lopik;14473;7336;7137;741;766;953;1129;960;3088;4379;1966;491;78,98;75,57
Loppersum;9614;4881;4733;397;513;537;598;454;1893;3099;1675;448;111,99;111,04
Losser;22622;11416;11206;954;1129;1333;1443;1136;4524;6831;4136;1136;99,62;98,76
Luyksgestel;;;;;;;;;;;;;;
Maarheeze;;;;;;;;;;;;;;
Maarn;;;;;;;;;;;;;;
Maarssen;;;;;;;;;;;;;;
Maartensdijk;;;;;;;;;;;;;;
Maasbracht;;;;;;;;;;;;;;
Maasbree;;;;;;;;;;;;;;
Maasdonk;;;;;;;;;;;;;;
Maasdriel;24693;12537;12156;1260;1285;1425;1564;1277;5591;7679;3620;992;75,46;66,11
Maasgouw;23716;11953;11763;885;903;1007;1299;1103;4579;7793;4696;1451;58,12;45,71
Maasland;;;;;;;;;;;;;;
Maassluis;32768;16077;16691;1725;1681;1772;1811;1706;7787;8785;5870;1631;10,12;8,48
Maastricht;121565;58219;63346;4168;4275;4347;7734;15470;28687;30981;19229;6674;60,12;55,99
Made;;;;;;;;;;;;;;
Made en Drimmelen;;;;;;;;;;;;;;
Margraten;;;;;;;;;;;;;;
Mariekerke;;;;;;;;;;;;;;
Markelo;;;;;;;;;;;;;;
De Marne;;;;;;;;;;;;;;
Marum;;;;;;;;;;;;;;
Maurik;;;;;;;;;;;;;;
Medemblik;44809;22778;22031;2226;2436;2688;2942;2354;9682;13273;7432;1776;257,56;121,42
Meerlo-Wanssum;;;;;;;;;;;;;;
Meerssen;18923;9314;9609;713;784;983;1046;868;3469;6054;3721;1285;27,7;26,96
Meierijstad;80815;40573;40242;3992;4177;4468;5253;4213;18338;23973;12487;3914;185,52;184,09
Meijel;;;;;;;;;;;;;;
Menaldumadeel;;;;;;;;;;;;;;
Menameradiel;;;;;;;;;;;;;;
Menterwolde;;;;;;;;;;;;;;
Meppel;33564;16376;17188;1609;1895;2150;2145;1690;7951;9482;5078;1564;57,03;55,53
Middelburg (Z.);48544;23539;25005;2356;2617;2720;3110;2716;10970;13349;7998;2708;53,04;48,42
Middelharnis;;;;;;;;;;;;;;
Midden-Delfland;19391;9717;9674;1025;1190;1145;1330;1149;4092;5892;2641;927;49,38;47,19
Midden-Drenthe;33178;16556;16622;1414;1586;1862;2206;1599;6384;10425;5952;1750;345,87;340,51
Midden-Groningen;60899;30563;30336;2684;3059;3285;3784;3043;12828;18968;10326;2922;295,77;280
Middenschouwen;;;;;;;;;;;;;;
Middenveld;;;;;;;;;;;;;;
Mierlo;;;;;;;;;;;;;;
Mill en Sint Hubert;10891;5574;5317;450;494;623;695;583;2180;3546;1760;560;53,17;52,23
Millingen aan de Rijn;;;;;;;;;;;;;;
Moerdijk;36961;18535;18426;1657;1898;2044;2265;1784;7882;11474;6157;1800;184,03;159,15
Moergestel;;;;;;;;;;;;;;
Molenlanden;43858;22226;21632;2427;2755;3038;3296;2824;9391;12006;6416;1705;191,58;181,73
Molenwaard;;;;;;;;;;;;;;
Monster;;;;;;;;;;;;;;
Montferland;36026;18012;18014;1468;1554;1884;2327;1873;7075;11516;6338;1991;106,64;105,7
Montfoort;13996;7029;6967;734;804;942;1015;798;3043;3977;2181;502;38,2;37,57
Mook en Middelaar;7806;3881;3925;246;302;448;515;352;1225;2638;1603;477;18,81;17,38
Moordrecht;;;;;;;;;;;;;;
Muiden;;;;;;;;;;;;;;
Naaldwijk;;;;;;;;;;;;;;
Naarden;;;;;;;;;;;;;;
Neder-Betuwe;24034;12123;11911;1686;1637;1671;1796;1616;5386;6186;3172;884;67,46;59,98
Nederhorst den Berg;;;;;;;;;;;;;;
Nederlek;;;;;;;;;;;;;;
Nederweert;17001;8598;8403;734;778;821;989;936;3567;5297;2921;958;101,78;99,98
Neede;;;;;;;;;;;;;;
Neerijnen;;;;;;;;;;;;;;
Niedorp;;;;;;;;;;;;;;
Nieuwegein;63036;31308;31728;3255;3269;3165;3582;3277;16302;17605;10419;2162;25,65;23,51
Nieuwerkerk aan den IJssel;;;;;;;;;;;;;;
Nieuw-Ginneken;;;;;;;;;;;;;;
Nieuwkoop;28628;14475;14153;1461;1476;1559;1831;1557;6290;8659;4572;1223;91,16;78,05
Nieuw-Lekkerland;;;;;;;;;;;;;;
Nieuwleusen;;;;;;;;;;;;;;
Nieuw-Vossemeer;;;;;;;;;;;;;;
Nijefurd;;;;;;;;;;;;;;
Nijeveen;;;;;;;;;;;;;;
Nijkerk;42943;21387;21556;2483;2628;2828;2917;2294;9933;11865;6131;1864;72,04;69,34
Nijmegen;176731;85582;91149;8318;8114;7803;9928;21444;50501;42798;21337;6488;57,63;53,09
Nissewaard;84797;41470;43327;4232;4469;4400;4794;4810;20549;25030;12951;3562;83,79;73,58
Noardeast-Fryslân;45181;22791;22390;2319;2648;2785;2978;2323;9616;13091;7151;2270;516,45;377,83
Noord-Beveland;7308;3669;3639;263;307;330;375;296;1404;2307;1561;465;121,58;85,96
Noordenveld;31290;15544;15746;1342;1538;1754;1913;1161;5731;9511;6234;2106;205,29;199,41
Noorder-Koggenland;;;;;;;;;;;;;;
Noordoostpolder;46849;23727;23122;2779;2826;3083;3253;2413;11316;13003;6292;1884;593,47;458,17
Noordwijk;42859;21526;21333;1922;2206;2255;2560;2228;9646;12761;7182;2099;74,94;58,37
Noordwijkerhout;;;;;;;;;;;;;;
Nootdorp;;;;;;;;;;;;;;
Norg;;;;;;;;;;;;;;
Nuenen, Gerwen en Nederwetten;23186;11460;11726;1098;1113;1279;1437;997;4387;6960;4572;1343;33,94;33,71
Nunspeet;27481;13599;13882;1670;1651;1722;1872;1626;6017;7354;4132;1437;129,53;128,74
Nuth;;;;;;;;;;;;;;
Obdam;;;;;;;;;;;;;;
Odoorn;;;;;;;;;;;;;;
Oegstgeest;24426;11765;12661;1368;1508;1541;1601;1085;5392;6986;3581;1364;7,97;7,31
Oirschot;18623;9370;9253;805;920;1000;1224;1020;3724;6004;2954;972;102,84;101,78
Oisterwijk;26140;12863;13277;1098;1329;1450;1681;1270;5215;7874;4570;1653;65,13;63,84
Oldambt;38129;18980;19149;1466;1784;2014;2217;1865;7656;11880;7045;2202;295,96;226,66
Oldebroek;23598;11864;11734;1372;1437;1501;1594;1297;5383;6652;3301;1061;98,84;97,65
Oldenzaal;31840;15788;16052;1410;1783;2011;1999;1534;6797;9063;5500;1743;21,95;21,55
Olst;;;;;;;;;;;;;;
Olst-Wijhe;18071;9145;8926;809;923;1057;1190;943;3573;5718;2945;913;118,37;113,84
Ommen;17813;9002;8811;872;1007;1078;1150;873;3723;5202;3023;885;182,01;179,9
Onderbanken;;;;;;;;;;;;;;
Oost Gelre;29704;15065;14639;1307;1447;1752;2103;1562;6062;9048;4883;1540;110,44;109,93
Oost-, West- en Middelbeers;;;;;;;;;;;;;;
Oostburg;;;;;;;;;;;;;;
Oosterhesselen;;;;;;;;;;;;;;
Oosterhout;55616;27439;28177;2727;2838;2919;3315;2821;12293;16414;9542;2747;73,09;71,47
Oostflakkee;;;;;;;;;;;;;;
Ooststellingwerf;25497;12800;12697;1098;1298;1390;1523;1198;5166;7812;4537;1475;226,11;223,42
Oostzaan;9757;4790;4967;496;521;542;637;529;2056;3024;1465;487;16,08;11,53
Ootmarsum;;;;;;;;;;;;;;
Opmeer;11779;5985;5794;561;552;715;795;735;2605;3356;1932;528;41,94;41,5
Opsterland;29723;14950;14773;1342;1612;1833;2002;1524;5958;9163;4734;1555;227,64;224,4
Oss;91451;45891;45560;4519;4542;4932;5801;5311;21325;27014;13762;4245;170,93;163,16
Ossendrecht;;;;;;;;;;;;;;
Oud en Nieuw Gastel;;;;;;;;;;;;;;
Oud-Beijerland;;;;;;;;;;;;;;
Oude IJsselstreek;39473;19851;19622;1588;1878;2251;2578;2054;7689;12243;7024;2168;137,95;136,15
Oudenbosch;;;;;;;;;;;;;;
Ouder-Amstel;13916;6802;7114;711;775;857;936;720;2945;4119;2170;683;25,78;24,08
Ouderkerk;;;;;;;;;;;;;;
Oudewater;10201;5018;5183;533;578;617;677;587;2197;2947;1573;492;40,1;38,9
Overbetuwe;47543;23638;23905;2504;2784;2982;3385;2239;10208;14300;7187;1954;115,08;109,19
Papendrecht;32290;15898;16392;1577;1753;1889;2023;1739;7289;8946;5337;1737;10,79;9,41
Peel en Maas;43311;21997;21314;1872;2064;2326;2587;2264;9339;13336;7369;2154;161,35;159,37
Peize;;;;;;;;;;;;;;
Pekela;12214;6170;6044;585;639;578;722;647;2616;3673;2146;608;50,2;49,04
Pijnacker;;;;;;;;;;;;;;
Pijnacker-Nootdorp;54331;27017;27314;3031;3718;4199;3993;2830;12566;16025;5906;2063;38,62;37,08
Prinsenbeek;;;;;;;;;;;;;;
Purmerend;80117;39065;41052;3596;3982;4279;4917;4598;18664;24304;11732;4045;24,56;23,15
Putte;;;;;;;;;;;;;;
Putten;24198;11992;12206;1256;1417;1534;1621;1403;5286;6711;3666;1304;87,5;85,22
Raalte;37511;18853;18658;1822;1928;2163;2454;1974;7593;11505;6050;2022;172,29;170,99
Raamsdonk;;;;;;;;;;;;;;
Ravenstein;;;;;;;;;;;;;;
Reeuwijk;;;;;;;;;;;;;;
Reiderland;;;;;;;;;;;;;;
Reimerswaal;22678;11404;11274;1576;1567;1587;1536;1417;5570;5604;2794;1027;242,42;101,8
Renkum;31302;15293;16009;1193;1520;1785;1758;1138;5496;9712;6193;2507;47,23;45,95
Renswoude;5259;2625;2634;400;361;372;382;307;1319;1317;661;140;18,51;18,4
Reusel;;;;;;;;;;;;;;
Reusel-De Mierden;13060;6714;6346;699;740;739;693;681;3119;3844;2022;523;78,66;77,88
Rheden;43640;21325;22315;1814;2086;2241;2530;2218;8785;12605;7903;3458;84,35;81,74
Rhenen;20004;9944;10060;1078;1188;1277;1367;1028;4322;5524;3164;1056;43,76;42,08
Ridderkerk;46241;22412;23829;2312;2385;2243;2509;2489;10121;12954;8156;3072;25,26;23,72
Riethoven;;;;;;;;;;;;;;
Rijnsburg;;;;;;;;;;;;;;
Rijnwaarden;;;;;;;;;;;;;;
Rijnwoude;;;;;;;;;;;;;;
Rijsbergen;;;;;;;;;;;;;;
Rijssen;;;;;;;;;;;;;;
Rijssen-Holten;38300;19084;19216;2424;2587;2699;2714;2274;8855;9667;5177;1903;94,38;94,13
Rijswijk (ZH.);53467;25632;27835;3390;2929;2416;2401;2394;14425;13753;8249;3510;14,49;13,96
Roden;;;;;;;;;;;;;;
Roerdalen;20615;10300;10315;782;873;936;1089;877;4047;6595;4205;1211;88,79;88,21
Roermond;58209;28740;29469;2691;2927;2879;3135;3028;14532;16915;9249;2853;71,05;60,81
Roggel en Neer;;;;;;;;;;;;;;
Rolde;;;;;;;;;;;;;;
De Ronde Venen;44059;21823;22236;2131;2194;2568;2921;2283;9064;13928;6890;2080;116,98;99,92
Roosendaal;77032;38200;38832;3665;3890;3999;4625;4362;17331;22817;12434;3909;107,16;106,5
Roosendaal en Nispen;;;;;;;;;;;;;;
Rosmalen;;;;;;;;;;;;;;
Rossum;;;;;;;;;;;;;;
Rotterdam;644618;317935;326683;36575;34886;32219;35575;50462;197424;159008;72598;25871;324,16;217,57
Rozenburg;;;;;;;;;;;;;;
Rozendaal;1654;815;839;71;102;127;110;62;238;522;303;119;27,92;27,9
Rucphen;22572;11380;11192;939;941;998;1159;1140;4705;7671;3994;1025;64,48;64,41
Ruinen;;;;;;;;;;;;;;
Ruinerwold;;;;;;;;;;;;;;
Ruurlo;;;;;;;;;;;;;;
Sas van Gent;;;;;;;;;;;;;;
Sassenheim;;;;;;;;;;;;;;
Schagen;46553;23291;23262;1911;2361;2805;2962;2459;9213;13674;8797;2371;187,28;168,25
Scheemda;;;;;;;;;;;;;;
Schermer;;;;;;;;;;;;;;
Scherpenzeel;9873;4890;4983;647;688;606;669;620;2333;2446;1439;425;13,81;13,79
Schiedam;77999;38675;39324;4263;4093;4050;4427;4879;21192;21573;10067;3455;19,86;17,82
Schiermonnikoog;936;488;448;26;32;45;40;43;191;300;192;67;199,07;40,5
Schijndel;;;;;;;;;;;;;;
Schinnen;;;;;;;;;;;;;;
Schipluiden;;;;;;;;;;;;;;
Schoonebeek;;;;;;;;;;;;;;
Schoonhoven;;;;;;;;;;;;;;
Schoorl;;;;;;;;;;;;;;
Schouwen-Duiveland;33779;16725;17054;1445;1551;1696;1935;1555;6379;10148;6744;2326;488,21;229,65
Sevenum;;;;;;;;;;;;;;
Simpelveld;10516;5231;5285;433;441;510;544;459;2111;3322;2071;625;16,03;16,03
Sint Anthonis;11606;6006;5600;521;518;645;793;664;2244;3743;1773;705;99,76;99,27
Sint-Michielsgestel;28991;14561;14430;1403;1590;1744;1963;1332;5930;8826;4683;1520;59,34;58,38
Sint-Oedenrode;;;;;;;;;;;;;;
Sittard;;;;;;;;;;;;;;
Sittard-Geleen;92661;45685;46976;3602;3954;4108;4900;4980;20501;28728;16207;5681;80,58;79,01
Skarsterlân;;;;;;;;;;;;;;
Sleen;;;;;;;;;;;;;;
Sliedrecht;25026;12344;12682;1526;1550;1467;1538;1404;6148;6407;3570;1416;14,01;12,84
Slochteren;;;;;;;;;;;;;;
Sluis;23386;11572;11814;906;967;1080;1120;1010;4598;7120;4863;1722;307,16;279,36
Sluis-Aardenburg;;;;;;;;;;;;;;
Smallingerland;55938;27876;28062;2730;3042;3365;3679;2954;12627;15814;8830;2897;126,17;117,31
Smilde;;;;;;;;;;;;;;
Sneek;;;;;;;;;;;;;;
Soest;46194;22552;23642;2226;2500;2781;3073;2200;9523;13502;7702;2687;46,43;46,24
Someren;19322;9870;9452;990;852;951;1178;1176;4424;5953;2846;952;81,5;80,27
Son en Breugel;16904;8325;8579;874;940;1050;1041;799;3580;4746;2605;1269;26,51;25,95
Spijkenisse;;;;;;;;;;;;;;
Sprang-Capelle;;;;;;;;;;;;;;
St. Anthonis;;;;;;;;;;;;;;
Stad Delden;;;;;;;;;;;;;;
Stadskanaal;31789;15730;16059;1320;1515;1696;1914;1574;6326;9514;5801;2129;119,94;117,64
Standdaarbuiten;;;;;;;;;;;;;;
Staphorst;17003;8743;8260;1275;1258;1297;1392;1148;3911;4133;1995;594;135,69;133,99
Stede Broec;21706;10912;10794;1147;1182;1247;1410;1215;4849;6003;3841;812;16,37;14,5
Steenbergen;25054;12845;12209;1050;1110;1208;1371;1600;5886;7615;4029;1185;159,14;146,43
Steenderen;;;;;;;;;;;;;;
Steenwijk;;;;;;;;;;;;;;
Steenwijkerland;43940;22138;21802;2198;2267;2473;2919;2135;9279;13021;7267;2381;321,59;288,27
Stein (L.);24961;12370;12591;862;967;1176;1361;1090;4933;7923;5173;1476;22,8;21,08
Stichtse Vecht;64336;31461;32875;3364;3862;3788;3860;3048;14153;19291;10172;2798;106,82;96,1
Stramproy;;;;;;;;;;;;;;
Strijen;;;;;;;;;;;;;;
Súdwest-Fryslân;89710;45109;44601;4236;4932;5486;6010;4355;18457;26394;15155;4685;907,87;523,01
Susteren;;;;;;;;;;;;;;
Swalmen;;;;;;;;;;;;;;
Tegelen;;;;;;;;;;;;;;
Terheijden;;;;;;;;;;;;;;
Terneuzen;54589;27141;27448;2398;2559;2770;3047;2528;11632;16082;10159;3414;317,76;250,38
Terschelling;4890;2551;2339;171;194;217;295;478;1016;1392;886;241;673,99;85,26
Teteringen;;;;;;;;;;;;;;
Texel;13547;6726;6821;525;595;681;761;649;2664;4304;2687;681;463,16;162
Teylingen;37061;18483;18578;1877;1964;2265;2531;1988;8108;11272;5173;1883;33,49;28,38
Tholen;25780;12883;12897;1517;1578;1648;1705;1577;5805;7087;3691;1172;254;146,71
Thorn;;;;;;;;;;;;;;
Tiel;41978;20914;21064;2014;2203;2367;2875;2558;10322;12204;5827;1608;35,51;32,88
Tilburg;217259;108283;108976;10432;10806;11000;13253;20120;59296;55948;27877;8527;118,13;116,17
Tubbergen;21276;10868;10408;977;1126;1391;1714;1330;4336;6377;3018;1007;147,44;147
Twenterand;33792;17161;16631;1779;2099;2325;2416;1831;7488;9555;4890;1409;108,14;106,17
Tynaarlo;33698;16553;17145;1759;1968;2048;2069;1115;6326;10364;5846;2203;147,7;143
Tytsjerksteradiel;31780;15900;15880;1485;1768;1966;2079;1525;6485;9137;5545;1790;161,41;148,86
Ubbergen;;;;;;;;;;;;;;
Uden;41782;20715;21067;2033;2116;2381;2566;2261;9792;11804;6724;2105;67,53;67
Udenhout;;;;;;;;;;;;;;
Uitgeest;13528;6820;6708;713;735;831;930;802;3059;4057;1865;536;22,29;19,16
Uithoorn;29424;14509;14915;1494;1642;1741;1934;1567;6878;8730;3949;1489;19,42;18,14
Urk;20776;10520;10256;1944;2027;1913;1792;1655;5486;3993;1552;414;111,86;13,15
Utrecht (gemeente);352866;172857;180009;21908;20051;18102;17894;35887;127867;74570;27565;9022;99,21;93,83
Utrechtse Heuvelrug;49515;24206;25309;2332;2650;2915;3327;2254;9096;14906;8536;3499;133,94;132,01
Vaals;10092;5203;4889;305;387;327;646;647;1822;3184;2083;691;23,9;23,89
Valburg;;;;;;;;;;;;;;
Valkenburg (ZH.);;;;;;;;;;;;;;
Valkenburg aan de Geul;16470;8116;8354;544;607;669;842;778;3093;5201;3467;1269;36,92;36,73
Valkenisse;;;;;;;;;;;;;;
Valkenswaard;30910;15294;15616;1354;1331;1482;1721;1571;6457;9205;5753;2036;56,5;54,92
Veendam;27491;13685;13806;1147;1488;1493;1699;1346;5769;8376;4729;1444;78,68;76
Veenendaal;65589;32351;33238;3975;3974;4181;4453;3839;16212;17259;8910;2786;19,72;19,46
Veere;21835;10893;10942;1063;1088;1118;1339;1070;3972;6418;4413;1354;206,55;132,56
Veghel;;;;;;;;;;;;;;
Veldhoven;45337;22652;22685;2148;2310;2477;2644;2257;10477;13408;7199;2417;31,89;31,69
Velsen;68348;33912;34436;3285;3497;3622;4336;4021;15006;20865;9957;3759;63,17;45,2
Venhuizen;;;;;;;;;;;;;;
Venlo;101603;50626;50977;4583;4932;5234;5661;5832;23876;29719;16340;5426;128,99;124,25
Venray;43326;22033;21293;1960;2120;2293;2801;2385;9625;13046;7076;2020;165;163,27
Vessem, Wintelre en Knegsel;;;;;;;;;;;;;;
Vianen;;;;;;;;;;;;;;
Vierlingsbeek;;;;;;;;;;;;;;
Vijfheerenlanden;55712;27566;28146;3158;3116;3321;3625;3132;12937;15323;8541;2559;153,31;146,41
Vlaardingen;72404;35278;37126;3934;3934;3698;3882;4075;18040;19435;11131;4275;26,69;23,57
Vlagtwedde;;;;;;;;;;;;;;
Vledder;;;;;;;;;;;;;;
Vleuten-De Meern;;;;;;;;;;;;;;
Vlieland;1138;581;557;34;36;51;68;88;271;378;171;41;315,8;39,15
Vlijmen;;;;;;;;;;;;;;
Vlissingen;44371;22088;22283;1918;2180;2286;2488;2569;10156;12442;7749;2583;344,84;34,31
Vlist;;;;;;;;;;;;;;
Voerendaal;12452;6139;6313;570;560;577;674;503;2357;3902;2514;795;31,52;31,51
Voorburg;;;;;;;;;;;;;;
Voorhout;;;;;;;;;;;;;;
Voorschoten;25479;12282;13197;1322;1528;1654;1536;1120;5283;7135;4220;1681;11,56;11,14
Voorst;24417;12184;12233;1155;1283;1385;1566;1146;4654;7520;4312;1396;126,47;122,97
Vorden;;;;;;;;;;;;;;
Vries;;;;;;;;;;;;;;
Vriezenveen;;;;;;;;;;;;;;
Vught;26396;13167;13229;1450;1582;1537;1531;1163;5845;7814;3924;1550;34,69;33,75
Waadhoeke;46039;23359;22680;2131;2481;2717;3044;2297;9620;13852;7705;2192;315,26;284,86
Waalre;17247;8543;8704;860;1008;1003;1065;699;3477;4991;2932;1212;22,66;22,39
Waalwijk;48240;24042;24198;2395;2443;2562;2760;2497;11762;13685;7819;2317;67,65;64,58
Waddinxveen;28316;14058;14258;1765;1624;1608;1685;1562;6978;7507;4233;1354;29,4;27,77
Wageningen;38774;18668;20106;1513;1652;1662;2387;6357;10318;8636;4593;1656;32,36;30,42
Warmond;;;;;;;;;;;;;;
Warnsveld;;;;;;;;;;;;;;
Waspik;;;;;;;;;;;;;;
Wassenaar;26211;12405;13806;1083;1511;1839;1923;1013;4290;7843;4598;2111;62,4;51,11
Wateringen;;;;;;;;;;;;;;
Waterland;17315;8525;8790;844;919;1009;1017;790;3212;5325;3239;960;115,66;52,11
Weerselo;;;;;;;;;;;;;;
Weert;49842;24956;24886;2188;2308;2519;2862;2710;11042;14694;8656;2863;105,54;104,32
Weesp;19334;9415;9919;1110;1068;994;1027;853;4849;5542;2838;1053;24,16;22,79
Wehl;;;;;;;;;;;;;;
Werkendam;;;;;;;;;;;;;;
Wervershoof;;;;;;;;;;;;;;
West Betuwe;50697;25322;25375;2674;2860;3240;3637;2588;10847;15240;7610;2001;229,12;216,12
West Maas en Waal;19076;9554;9522;860;919;970;1167;986;3962;6245;3116;851;85,21;76,76
Westerbork;;;;;;;;;;;;;;
Westerhoven;;;;;;;;;;;;;;
Wester-Koggenland;;;;;;;;;;;;;;
Westerkwartier;63031;31691;31340;3215;3637;4016;4258;3083;13331;18709;9911;2871;368,87;362,69
Westerschouwen;;;;;;;;;;;;;;
Westerveld;19348;9628;9720;716;811;999;1129;791;3296;6228;4046;1332;282,74;278,35
Westervoort;14944;7351;7593;730;706;800;860;731;3380;4855;2307;575;7,84;7,03
Westerwolde;25199;12605;12594;990;1212;1313;1441;1103;4649;7913;5025;1553;280,65;275,67
Westkapelle;;;;;;;;;;;;;;
Westland;108603;54216;54387;5650;5999;6320;6663;6591;26211;30341;15828;5000;90,74;81,27
Weststellingwerf;25840;12865;12975;1217;1298;1417;1561;1267;5309;7719;4454;1598;228,45;220,3
Westvoorne;14626;7258;7368;556;617;745;822;656;2615;4782;2836;997;97,48;53,18
Wierden;24351;12155;12196;1282;1414;1539;1662;1260;5301;6811;3887;1195;95,39;94,63
Wieringen;;;;;;;;;;;;;;
Wieringermeer;;;;;;;;;;;;;;
Wijchen;40951;20264;20687;1757;2125;2475;2708;2065;8610;12720;6703;1788;69,56;66,18
Wijdemeren;24013;11744;12269;1121;1210;1353;1510;1027;4420;7660;4345;1367;76,36;47,6
Wijhe;;;;;;;;;;;;;;
De Wijk;;;;;;;;;;;;;;
Wijk bij Duurstede;23762;11725;12037;1223;1289;1350;1611;1175;4882;7643;3754;835;50,4;47,62
Willemstad;;;;;;;;;;;;;;
Winschoten;;;;;;;;;;;;;;
Winsum;;;;;;;;;;;;;;
Winterswijk;28903;14442;14461;1188;1399;1660;1872;1511;5958;8676;4962;1677;138,82;138,14
Wisch;;;;;;;;;;;;;;
Wittem;;;;;;;;;;;;;;
Woensdrecht;21866;10988;10878;941;1012;1067;1294;1057;4484;6736;4111;1164;91,97;91,66
Woerden;52197;25803;26394;2850;3153;3371;3576;2685;12060;14810;7484;2208;92,92;88,57
Wognum;;;;;;;;;;;;;;
De Wolden;24110;12031;12079;1078;1191;1321;1679;1168;4461;7534;4193;1485;226,35;224,55
Wormerland;16329;8097;8232;717;742;885;1112;918;3176;5040;2853;886;45,18;38,59
Woudenberg;13166;6614;6552;830;879;888;937;704;2979;3489;1846;614;36,82;36,53
Woudrichem;;;;;;;;;;;;;;
Wouw;;;;;;;;;;;;;;
Wûnseradiel;;;;;;;;;;;;;;
Wymbritseradiel;;;;;;;;;;;;;;
Zaanstad;155885;77195;78690;8591;8496;8815;9213;8834;39931;43761;21682;6562;83,24;73,87
Zaltbommel;28451;14335;14116;1615;1703;1915;2026;1739;6536;7811;3949;1157;89,04;79,38
Zandvoort;17011;8214;8797;672;761;832;845;725;3504;5258;3373;1041;43,97;32,12
Zederik;;;;;;;;;;;;;;
Zeevang;;;;;;;;;;;;;;
Zeewolde;22309;11392;10917;1182;1291;1510;1651;1443;5372;7006;2235;619;268,86;247,23
Zeist;63934;31092;32842;3599;3778;3873;4060;3547;14444;17302;9529;3802;48,65;48,51
Zelhem;;;;;;;;;;;;;;
Zevenaar;43488;21425;22063;1900;2119;2294;2535;2055;9250;12912;8145;2278;106,1;92,6
Zevenbergen;;;;;;;;;;;;;;
Zevenhuizen-Moerkapelle;;;;;;;;;;;;;;
Zierikzee;;;;;;;;;;;;;;
Zijpe;;;;;;;;;;;;;;
Zoetermeer;124944;60983;63961;6677;7241;7172;7431;7027;30807;35417;18486;4686;37,05;34,45
Zoeterwoude;8450;4203;4247;376;429;467;572;456;1739;2677;1342;392;21,96;21,19
Zuidhorn;;;;;;;;;;;;;;
Zuidlaren;;;;;;;;;;;;;;
Zuidplas;42762;21204;21558;2497;2557;2583;2797;2295;9689;12532;6033;1779;64,05;58,02
Zuidwolde;;;;;;;;;;;;;;
Zundert;21612;11043;10569;919;981;958;1219;1224;4660;6920;3537;1194;121,21;120,65
Zutphen;47609;23365;24244;1961;2445;2923;3197;2323;10161;14356;8000;2243;42,93;40,95
Zwartewaterland;22503;11449;11054;1408;1566;1630;1688;1427;5343;5625;3014;802;87,86;82,49
Zwartsluis;;;;;;;;;;;;;;
Zweeloo;;;;;;;;;;;;;;
Zwijndrecht;44639;21656;22983;2367;2437;2465;2550;2384;10486;11917;7244;2789;22,77;20,3
Zwolle;127497;62794;64703;7190;7776;7708;7754;8586;36063;32575;14960;4885;119,36;111,1
Bron: CBS;https://data.overheid.nl/dataset/53814-regionale-kerncijfers-nederland;https://opendata.cbs.nl/statline/#/CBS/nl/dataset/70072ned/table;2019;;;;;;;;;;;
